signature,instance,name,runtime_ns,deadline_ns,period_ns
entry=libstdc++.so.6@0xe1ac0|librealsense2.so.2.58@0x71520c|librealsense2.so.2.58@0x730678|librealsense2.so.2.58@0x40ca04|librealsense2.so.2.58@0x836470|librealsense2.so.2.58@0x824400|librealsense2.so.2.58@0x41d980,1,realsense_stead,1865820,12783946,12783946
entry=libstdc++.so.6@0xe1ac0|librealsense2.so.2.58@0x71520c|librealsense2.so.2.58@0x730678|librealsense2.so.2.58@0x40ca04|librealsense2.so.2.58@0x836470|librealsense2.so.2.58@0x824400|librealsense2.so.2.58@0x41d980,2,realsense_stead,3099308,12803416,12803416
entry=libstdc++.so.6@0xe1ac0|librealsense2.so.2.58@0x71520c|librealsense2.so.2.58@0x730678|librealsense2.so.2.58@0x40ca04|librealsense2.so.2.58@0x836470|librealsense2.so.2.58@0x824400|librealsense2.so.2.58@0x41d980,3,realsense_stead,1677598,15113187,15113187
entry=libstdc++.so.6@0xe1ac0|librealsense2.so.2.58@0x71520c|librealsense2.so.2.58@0x730678|librealsense2.so.2.58@0x40ca04|librealsense2.so.2.58@0x836470|librealsense2.so.2.58@0x824400|librealsense2.so.2.58@0x41d980,4,realsense_stead,3230063,12406146,12406146
entry=libstdc++.so.6@0xe1ac0|librealsense2.so.2.58@0x71520c|librealsense2.so.2.58@0x730678|librealsense2.so.2.58@0x836470|librealsense2.so.2.58@0x824400|librealsense2.so.2.58@0x6c5250|librealsense2.so.2.58@0x6c58e8,1,realsense_stead,3326418,13204905,13204905
entry=libstdc++.so.6@0xe1ac0|librealsense2.so.2.58@0x71520c|librealsense2.so.2.58@0x730678|librealsense2.so.2.58@0x836470|librealsense2.so.2.58@0x824400|librealsense2.so.2.58@0x6c5250|librealsense2.so.2.58@0x6c58e8,2,realsense_stead,3324286,13473793,13473793
entry=libstdc++.so.6@0xe1ac0|librealsense2.so.2.58@0x8a3ac4|librealsense2.so.2.58@0x3eb664|librealsense2.so.2.58@0x822cd0|librealsense2.so.2.58@0x825860|librealsense2.so.2.58@0x419f80|librealsense2.so.2.58@0x41f180,1,realsense_stead,200000,4194304000,4194304000
entry=libstdc++.so.6@0xe1ac0|librealsense2.so.2.58@0x8a3ac4|librealsense2.so.2.58@0x3eb664|librealsense2.so.2.58@0x822cd0|librealsense2.so.2.58@0x825860|librealsense2.so.2.58@0x419f80|librealsense2.so.2.58@0x41f180,2,realsense_stead,200000,4194304000,4194304000
entry=libstdc++.so.6@0xe1ac0|librealsense2.so.2.58@0x8a3ac4|librealsense2.so.2.58@0x3eb664|librealsense2.so.2.58@0x822cd0|librealsense2.so.2.58@0x825860|librealsense2.so.2.58@0x45e2d0|librealsense2.so.2.58@0x45625c,1,realsense_stead,200000,4194304000,4194304000
entry=libstdc++.so.6@0xe1ac0|librealsense2.so.2.58@0x8a3ac4|librealsense2.so.2.58@0x3eb664|librealsense2.so.2.58@0x822cd0|librealsense2.so.2.58@0x825860|librealsense2.so.2.58@0x45e2d0|librealsense2.so.2.58@0x45625c,2,realsense_stead,200000,4194304000,4194304000
entry=libstdc++.so.6@0xe1ac0|librealsense2.so.2.58@0x8a3ac4|librealsense2.so.2.58@0x3eb664|librealsense2.so.2.58@0x822cd0|librealsense2.so.2.58@0x8358b4|librealsense2.so.2.58@0x43ed3c|librealsense2.so.2.58@0x41f0d0,1,realsense_stead,200000,4194304000,4194304000
entry=libstdc++.so.6@0xe1ac0|librealsense2.so.2.58@0x8a3ac4|librealsense2.so.2.58@0x3eb664|librealsense2.so.2.58@0x822cd0|librealsense2.so.2.58@0x8358b4|librealsense2.so.2.58@0x43ed3c|librealsense2.so.2.58@0x41f0d0,2,realsense_stead,200000,4194304000,4194304000
entry=libstdc++.so.6@0xe1ac0|librealsense2.so.2.58@0x8a3ac4|librealsense2.so.2.58@0x3eb664|librealsense2.so.2.58@0x822cd0|librealsense2.so.2.58@0x8358b4|librealsense2.so.2.58@0x45f008|librealsense2.so.2.58@0x45612c,1,realsense_stead,200000,4194304000,4194304000
entry=libstdc++.so.6@0xe1ac0|librealsense2.so.2.58@0x8a3ac4|librealsense2.so.2.58@0x3eb664|librealsense2.so.2.58@0x822cd0|librealsense2.so.2.58@0x8358b4|librealsense2.so.2.58@0x45f008|librealsense2.so.2.58@0x45612c,2,realsense_stead,200000,4194304000,4194304000
entry=libstdc++.so.6@0xe1ac0|librealsense2.so.2.58@0x8a3ac4|librealsense2.so.2.58@0x6c4824|librealsense2.so.2.58@0x7eca90|realsense_steady_probe|libc.so.6@0x284c4|libc.so.6@0x28598,1,realsense_stead,200000,4194304000,4194304000
entry=libstdc++.so.6@0xe1ac0|librealsense2.so.2.58@0x8a3ac4|librealsense2.so.2.58@0x6c4824|librealsense2.so.2.58@0x7eca90|realsense_steady_probe|libc.so.6@0x284c4|libc.so.6@0x28598,2,realsense_stead,200000,4194304000,4194304000
entry=libstdc++.so.6@0xe1ac0|librealsense2.so.2.58@0x8a3ac4|librealsense2.so.2.58@0x749114|librealsense2.so.2.58@0x713970|librealsense2.so.2.58@0x775220|librealsense2.so.2.58@0x775508|librealsense2.so.2.58@0x76fc18,1,realsense_stead,200000,91028684,91028684
entry=libstdc++.so.6@0xe1ac0|librealsense2.so.2.58@0x8a3ac4|librealsense2.so.2.58@0x7923b8|librealsense2.so.2.58@0x43dae8|librealsense2.so.2.58@0x42490c|librealsense2.so.2.58@0x426d48|librealsense2.so.2.58@0x427e88,1,realsense_stead,200000,4194304000,4194304000
entry=libstdc++.so.6@0xe1ac0|librealsense2.so.2.58@0x8a3ac4|librealsense2.so.2.58@0x7923b8|librealsense2.so.2.58@0x43dae8|librealsense2.so.2.58@0x42490c|librealsense2.so.2.58@0x426d48|librealsense2.so.2.58@0x427e88,2,realsense_stead,200000,4194304000,4194304000
entry=libstdc++.so.6@0xe1ac0|librealsense2.so.2.58@0x8a3ac4|librealsense2.so.2.58@0x799610|librealsense2.so.2.58@0x7997cc|librealsense2.so.2.58@0x427adc|librealsense2.so.2.58@0x47b8dc|librealsense2.so.2.58@0x4673e4,1,realsense_stead,513467,910671624,910671624
entry=libstdc++.so.6@0xe1ac0|librealsense2.so.2.58@0x8a3ac4|librealsense2.so.2.58@0x799610|librealsense2.so.2.58@0x7997cc|librealsense2.so.2.58@0x427adc|librealsense2.so.2.58@0x47b8dc|librealsense2.so.2.58@0x4673e4,2,realsense_stead,442800,910635695,910635695
entry=libstdc++.so.6@0xe1ac0|realsense_steady_probe|libc.so.6@0x284c4|libc.so.6@0x28598|realsense_steady_probe,1,rs-wait-0,214022,12268787,12268787
entry=libstdc++.so.6@0xe1ac0|realsense_steady_probe|libc.so.6@0x284c4|libc.so.6@0x28598|realsense_steady_probe,2,rs-wait-1,200000,12743600,12743600
